레시피ID,품목ID,레시피원료명,소모량,단위
R0001,P0098,시그니처 블렌드 원두,18.5,g
R0002,P0063,원조커피원액,150.0,ml
R0003,P0063,원조커피원액,125.0,ml
R0004,P0098,시그니처 블렌드 원두,18.5,g
R0005,P0098,시그니처 블렌드 원두,18.5,g
R0006,P0098,시그니처 블렌드 원두,18.5,g
R0006,P0064,헤이즐넛시럽,30.0,g
R0007,P0098,시그니처 블렌드 원두,18.5,g
R0007,P0064,헤이즐넛시럽,30.0,g
R0008,P0098,시그니처 블렌드 원두,18.5,g
R0008,P0065,꿀,40.0,g
R0009,P0098,시그니처 블렌드 원두,18.5,g
R0009,P0065,꿀,40.0,g
R0010,P0098,시그니처 블렌드 원두,18.5,g
R0010,P0048,생크림,50.0,ml
R0010,P0100,서울우유 바리스타밀크 1L,200.0,ml
R0011,P0098,시그니처 블렌드 원두,18.5,g
R0011,P0100,서울우유 바리스타밀크 1L,250.0,ml
R0012,P0100,서울우유 바리스타밀크 1L,225.0,ml
R0013,P0098,시그니처 블렌드 원두,18.5,g
R0013,P0064,헤이즐넛시럽,30.0,g
R0013,P0100,서울우유 바리스타밀크 1L,250.0,ml
R0014,P0098,시그니처 블렌드 원두,18.5,g
R0014,P0064,헤이즐넛시럽,30.0,g
R0014,P0100,서울우유 바리스타밀크 1L,250.0,ml
R0015,P0098,시그니처 블렌드 원두,18.5,g
R0015,P0013,모카파우더,39.0,g
R0015,P0100,서울우유 바리스타밀크 1L,250.0,ml
R0016,P0098,시그니처 블렌드 원두,18.5,g
R0016,P0013,모카파우더,39.0,g
R0016,P0100,서울우유 바리스타밀크 1L,250.0,ml
R0017,P0098,시그니처 블렌드 원두,18.5,g
R0017,P0066,카라멜소스,50.0,g
R0017,P0100,서울우유 바리스타밀크 1L,250.0,ml
R0017,P0067,카라멜드리즐,5.0,g
R0018,P0098,시그니처 블렌드 원두,18.5,g
R0018,P0066,카라멜소스,50.0,g
R0018,P0100,서울우유 바리스타밀크 1L,250.0,ml
R0018,P0067,카라멜드리즐,5.0,g
R0019,P0098,시그니처 블렌드 원두,18.5,g
R0019,P0016,바닐라파우더,45.0,g
R0019,P0100,서울우유 바리스타밀크 1L,250.0,ml
R0020,P0098,시그니처 블렌드 원두,18.5,g
R0020,P0016,바닐라파우더,45.0,g
R0020,P0100,서울우유 바리스타밀크 1L,250.0,ml
R0021,P0098,시그니처 블렌드 원두,18.5,g
R0021,P0085,서울우유 연유 500g,70.0,g
R0021,P0100,서울우유 바리스타밀크 1L,225.0,ml
R0022,P0098,시그니처 블렌드 원두,18.5,g
R0022,P0085,서울우유 연유 500g,70.0,g
R0022,P0100,서울우유 바리스타밀크 1L,225.0,ml
R0023,P0100,서울우유 바리스타밀크 1L,250.0,ml
R0023,P0049,초콜릿소스,70.0,g
R0023,P0031,다크컬스 초콜릿,5.0,g
R0024,P0100,서울우유 바리스타밀크 1L,250.0,ml
R0024,P0049,초콜릿소스,70.0,g
R0025,P0012,녹차파우더,51.0,g
R0025,P0100,서울우유 바리스타밀크 1L,250.0,ml
R0026,P0012,녹차파우더,51.0,g
R0026,P0100,서울우유 바리스타밀크 1L,250.0,ml
R0027,P0023,밀크티베이스,100.0,ml
R0027,P0100,서울우유 바리스타밀크 1L,250.0,ml
R0028,P0023,밀크티베이스,100.0,ml
R0028,P0100,서울우유 바리스타밀크 1L,250.0,ml
R0029,P0041,미숫가루,60.0,g
R0029,P0019,시럽,60.0,g
R0030,P0009,식혜원액,100.0,ml
R0031,P0003,냉동딸기,125.0,g
R0031,P0019,시럽,20.0,g
R0031,P0100,서울우유 바리스타밀크 1L,200.0,ml
R0032,P0003,냉동딸기,125.0,g
R0032,P0019,시럽,20.0,g
R0032,P0050,탄산수,1.0,캔
R0033,P0055,복숭아베이스,60.0,g
R0033,P0054,우롱티백,0.6,EA
R0034,P0055,복숭아베이스,60.0,g
R0034,P0054,우롱티백,0.5,EA
R0035,P0054,우롱티백,0.8,EA
R0036,P0054,우롱티백,0.6,EA
R0037,P0010,미초원액,100.0,ml
R0038,P0018,아이스티파우더,65.0,g
R0039,P0018,아이스티파우더,65.0,g
R0039,P0098,시그니처 블렌드 원두,18.5,g
R0040,P0038,빽다방 청포도 플라워향 에이드,100.0,g
R0041,P0030,자몽베이스,120.0,g
R0042,P0030,자몽베이스,120.0,g
R0043,P0056,레몬베이스,120.0,g
R0044,P0056,레몬베이스,120.0,g
R0045,P0058,깔라만시베이스,100.0,g
R0045,P0019,시럽,20.0,g
R0046,P0058,깔라만시베이스,100.0,g
R0046,P0019,시럽,20.0,g
R0047,P0057,유자퓨레,120.0,g
R0048,P0057,유자퓨레,120.0,g
R0049,P0058,깔라만시베이스,100.0,g
R0049,P0050,탄산수,1.0,캔
R0050,P0038,빽다방 청포도 플라워향 에이드,100.0,g
R0050,P0050,탄산수,1.0,캔
R0051,P0030,자몽베이스,100.0,g
R0051,P0050,탄산수,1.0,캔
R0052,P0010,미초원액,100.0,ml
R0052,P0050,탄산수,1.0,캔
R0053,P0056,레몬베이스,100.0,g
R0053,P0050,탄산수,1.0,캔
R0054,P0057,유자퓨레,100.0,g
R0054,P0050,탄산수,1.0,캔
R0055,P0055,복숭아베이스,100.0,g
R0055,P0050,탄산수,1.0,캔
R0056,P0040,체리파우더,51.0,g
R0056,P0051,코카콜라,1.0,캔
R0057,P0053,멜론시럽,100.0,g
R0057,P0050,탄산수,1.0,캔
R0058,P0062,흑당시럽,50.0,g
R0058,P0027,타피오카펄,1.0,봉
R0058,P0100,서울우유 바리스타밀크 1L,250.0,ml
R0059,P0062,흑당시럽,50.0,g
R0059,P0027,타피오카펄,1.0,봉
R0059,P0100,서울우유 바리스타밀크 1L,250.0,ml
R0059,P0098,시그니처 블렌드 원두,18.5,g
R0060,P0062,흑당시럽,30.0,g
R0060,P0027,타피오카펄,1.0,봉
R0060,P0023,밀크티베이스,50.0,ml
R0060,P0048,생크림,50.0,ml
R0060,P0100,서울우유 바리스타밀크 1L,150.0,ml
R0061,P0100,서울우유 바리스타밀크 1L,200.0,ml
R0061,P0017,요거트파우더,34.0,g
R0061,P0019,시럽,50.0,g
R0061,P0003,냉동딸기,100.0,g
R0062,P0100,서울우유 바리스타밀크 1L,200.0,ml
R0062,P0017,요거트파우더,85.0,g
R0063,P0100,서울우유 바리스타밀크 1L,250.0,ml
R0063,P0007,냉동블루베리,150.0,g
R0063,P0017,요거트파우더,34.0,g
R0063,P0019,시럽,50.0,g
R0064,P0100,서울우유 바리스타밀크 1L,200.0,ml
R0064,P0042,밀크파우더,96.0,g
R0065,P0098,시그니처 블렌드 원두,18.5,g
R0066,P0100,서울우유 바리스타밀크 1L,375.0,ml
R0066,P0098,시그니처 블렌드 원두,18.5,g
R0067,P0100,서울우유 바리스타밀크 1L,375.0,ml
R0067,P0016,바닐라파우더,75.0,g
R0067,P0098,시그니처 블렌드 원두,18.5,g
R0068,P0063,원조커피원액,225.0,ml
R0069,P0018,아이스티파우더,108.0,g
R0070,P0018,아이스티파우더,86.0,g
R0070,P0098,시그니처 블렌드 원두,18.5,g
R0071,P0100,서울우유 바리스타밀크 1L,375.0,ml
R0071,P0049,초콜릿소스,120.0,g
R0072,P0009,식혜원액,175.0,ml
R0073,P0003,냉동딸기,190.0,g
R0073,P0019,시럽,30.0,g
R0073,P0100,서울우유 바리스타밀크 1L,300.0,ml
R0074,P0041,미숫가루,80.0,g
R0074,P0019,시럽,80.0,g
R0001,P0068,종이컵 (HOT),1.0,EA
R0001,P0069,핫컵 뚜껑 (HOT),1.0,EA
R0001,P0070,컵홀더 (HOT),1.0,EA
R0002,P0068,종이컵 (HOT),1.0,EA
R0002,P0069,핫컵 뚜껑 (HOT),1.0,EA
R0002,P0070,컵홀더 (HOT),1.0,EA
R0003,P0071,아이스컵 (24oz),1.0,EA
R0003,P0072,아이스컵 뚜껑 (24oz),1.0,EA
R0003,P0073,컵홀더 (24oz),1.0,EA
R0003,P0074,일반 빨대,1.0,EA
R0004,P0068,종이컵 (HOT),1.0,EA
R0004,P0069,핫컵 뚜껑 (HOT),1.0,EA
R0004,P0070,컵홀더 (HOT),1.0,EA
R0005,P0071,아이스컵 (24oz),1.0,EA
R0005,P0072,아이스컵 뚜껑 (24oz),1.0,EA
R0005,P0073,컵홀더 (24oz),1.0,EA
R0005,P0074,일반 빨대,1.0,EA
R0006,P0068,종이컵 (HOT),1.0,EA
R0006,P0069,핫컵 뚜껑 (HOT),1.0,EA
R0006,P0070,컵홀더 (HOT),1.0,EA
R0007,P0071,아이스컵 (24oz),1.0,EA
R0007,P0072,아이스컵 뚜껑 (24oz),1.0,EA
R0007,P0073,컵홀더 (24oz),1.0,EA
R0007,P0074,일반 빨대,1.0,EA
R0008,P0068,종이컵 (HOT),1.0,EA
R0008,P0069,핫컵 뚜껑 (HOT),1.0,EA
R0008,P0070,컵홀더 (HOT),1.0,EA
R0009,P0071,아이스컵 (24oz),1.0,EA
R0009,P0072,아이스컵 뚜껑 (24oz),1.0,EA
R0009,P0073,컵홀더 (24oz),1.0,EA
R0009,P0074,일반 빨대,1.0,EA
R0010,P0068,종이컵 (HOT),1.0,EA
R0010,P0069,핫컵 뚜껑 (HOT),1.0,EA
R0010,P0070,컵홀더 (HOT),1.0,EA
R0011,P0071,아이스컵 (24oz),1.0,EA
R0011,P0072,아이스컵 뚜껑 (24oz),1.0,EA
R0011,P0073,컵홀더 (24oz),1.0,EA
R0011,P0074,일반 빨대,1.0,EA
R0012,P0071,아이스컵 (24oz),1.0,EA
R0012,P0072,아이스컵 뚜껑 (24oz),1.0,EA
R0012,P0073,컵홀더 (24oz),1.0,EA
R0012,P0074,일반 빨대,1.0,EA
R0013,P0068,종이컵 (HOT),1.0,EA
R0013,P0069,핫컵 뚜껑 (HOT),1.0,EA
R0013,P0070,컵홀더 (HOT),1.0,EA
R0014,P0071,아이스컵 (24oz),1.0,EA
R0014,P0072,아이스컵 뚜껑 (24oz),1.0,EA
R0014,P0073,컵홀더 (24oz),1.0,EA
R0014,P0074,일반 빨대,1.0,EA
R0015,P0068,종이컵 (HOT),1.0,EA
R0015,P0069,핫컵 뚜껑 (HOT),1.0,EA
R0015,P0070,컵홀더 (HOT),1.0,EA
R0016,P0071,아이스컵 (24oz),1.0,EA
R0016,P0072,아이스컵 뚜껑 (24oz),1.0,EA
R0016,P0073,컵홀더 (24oz),1.0,EA
R0016,P0074,일반 빨대,1.0,EA
R0017,P0068,종이컵 (HOT),1.0,EA
R0017,P0069,핫컵 뚜껑 (HOT),1.0,EA
R0017,P0070,컵홀더 (HOT),1.0,EA
R0018,P0071,아이스컵 (24oz),1.0,EA
R0018,P0072,아이스컵 뚜껑 (24oz),1.0,EA
R0018,P0073,컵홀더 (24oz),1.0,EA
R0018,P0074,일반 빨대,1.0,EA
R0019,P0068,종이컵 (HOT),1.0,EA
R0019,P0069,핫컵 뚜껑 (HOT),1.0,EA
R0019,P0070,컵홀더 (HOT),1.0,EA
R0020,P0071,아이스컵 (24oz),1.0,EA
R0020,P0072,아이스컵 뚜껑 (24oz),1.0,EA
R0020,P0073,컵홀더 (24oz),1.0,EA
R0020,P0074,일반 빨대,1.0,EA
R0021,P0068,종이컵 (HOT),1.0,EA
R0021,P0069,핫컵 뚜껑 (HOT),1.0,EA
R0021,P0070,컵홀더 (HOT),1.0,EA
R0022,P0071,아이스컵 (24oz),1.0,EA
R0022,P0072,아이스컵 뚜껑 (24oz),1.0,EA
R0022,P0073,컵홀더 (24oz),1.0,EA
R0022,P0074,일반 빨대,1.0,EA
R0023,P0068,종이컵 (HOT),1.0,EA
R0023,P0069,핫컵 뚜껑 (HOT),1.0,EA
R0023,P0070,컵홀더 (HOT),1.0,EA
R0024,P0071,아이스컵 (24oz),1.0,EA
R0024,P0072,아이스컵 뚜껑 (24oz),1.0,EA
R0024,P0073,컵홀더 (24oz),1.0,EA
R0024,P0074,일반 빨대,1.0,EA
R0025,P0068,종이컵 (HOT),1.0,EA
R0025,P0069,핫컵 뚜껑 (HOT),1.0,EA
R0025,P0070,컵홀더 (HOT),1.0,EA
R0026,P0071,아이스컵 (24oz),1.0,EA
R0026,P0072,아이스컵 뚜껑 (24oz),1.0,EA
R0026,P0073,컵홀더 (24oz),1.0,EA
R0026,P0074,일반 빨대,1.0,EA
R0027,P0068,종이컵 (HOT),1.0,EA
R0027,P0069,핫컵 뚜껑 (HOT),1.0,EA
R0027,P0070,컵홀더 (HOT),1.0,EA
R0028,P0071,아이스컵 (24oz),1.0,EA
R0028,P0072,아이스컵 뚜껑 (24oz),1.0,EA
R0028,P0073,컵홀더 (24oz),1.0,EA
R0028,P0074,일반 빨대,1.0,EA
R0029,P0071,아이스컵 (24oz),1.0,EA
R0029,P0072,아이스컵 뚜껑 (24oz),1.0,EA
R0029,P0073,컵홀더 (24oz),1.0,EA
R0029,P0074,일반 빨대,1.0,EA
R0030,P0071,아이스컵 (24oz),1.0,EA
R0030,P0072,아이스컵 뚜껑 (24oz),1.0,EA
R0030,P0073,컵홀더 (24oz),1.0,EA
R0030,P0074,일반 빨대,1.0,EA
R0031,P0071,아이스컵 (24oz),1.0,EA
R0031,P0072,아이스컵 뚜껑 (24oz),1.0,EA
R0031,P0073,컵홀더 (24oz),1.0,EA
R0031,P0074,일반 빨대,1.0,EA
R0032,P0071,아이스컵 (24oz),1.0,EA
R0032,P0072,아이스컵 뚜껑 (24oz),1.0,EA
R0032,P0073,컵홀더 (24oz),1.0,EA
R0032,P0074,일반 빨대,1.0,EA
R0033,P0068,종이컵 (HOT),1.0,EA
R0033,P0069,핫컵 뚜껑 (HOT),1.0,EA
R0033,P0070,컵홀더 (HOT),1.0,EA
R0034,P0071,아이스컵 (24oz),1.0,EA
R0034,P0072,아이스컵 뚜껑 (24oz),1.0,EA
R0034,P0073,컵홀더 (24oz),1.0,EA
R0034,P0074,일반 빨대,1.0,EA
R0035,P0068,종이컵 (HOT),1.0,EA
R0035,P0069,핫컵 뚜껑 (HOT),1.0,EA
R0035,P0070,컵홀더 (HOT),1.0,EA
R0036,P0071,아이스컵 (24oz),1.0,EA
R0036,P0072,아이스컵 뚜껑 (24oz),1.0,EA
R0036,P0073,컵홀더 (24oz),1.0,EA
R0036,P0074,일반 빨대,1.0,EA
R0037,P0071,아이스컵 (24oz),1.0,EA
R0037,P0072,아이스컵 뚜껑 (24oz),1.0,EA
R0037,P0073,컵홀더 (24oz),1.0,EA
R0037,P0074,일반 빨대,1.0,EA
R0038,P0071,아이스컵 (24oz),1.0,EA
R0038,P0072,아이스컵 뚜껑 (24oz),1.0,EA
R0038,P0073,컵홀더 (24oz),1.0,EA
R0038,P0074,일반 빨대,1.0,EA
R0039,P0071,아이스컵 (24oz),1.0,EA
R0039,P0072,아이스컵 뚜껑 (24oz),1.0,EA
R0039,P0073,컵홀더 (24oz),1.0,EA
R0039,P0074,일반 빨대,1.0,EA
R0040,P0071,아이스컵 (24oz),1.0,EA
R0040,P0072,아이스컵 뚜껑 (24oz),1.0,EA
R0040,P0073,컵홀더 (24oz),1.0,EA
R0040,P0074,일반 빨대,1.0,EA
R0041,P0068,종이컵 (HOT),1.0,EA
R0041,P0069,핫컵 뚜껑 (HOT),1.0,EA
R0041,P0070,컵홀더 (HOT),1.0,EA
R0042,P0071,아이스컵 (24oz),1.0,EA
R0042,P0072,아이스컵 뚜껑 (24oz),1.0,EA
R0042,P0073,컵홀더 (24oz),1.0,EA
R0042,P0074,일반 빨대,1.0,EA
R0043,P0068,종이컵 (HOT),1.0,EA
R0043,P0069,핫컵 뚜껑 (HOT),1.0,EA
R0043,P0070,컵홀더 (HOT),1.0,EA
R0044,P0071,아이스컵 (24oz),1.0,EA
R0044,P0072,아이스컵 뚜껑 (24oz),1.0,EA
R0044,P0073,컵홀더 (24oz),1.0,EA
R0044,P0074,일반 빨대,1.0,EA
R0045,P0068,종이컵 (HOT),1.0,EA
R0045,P0069,핫컵 뚜껑 (HOT),1.0,EA
R0045,P0070,컵홀더 (HOT),1.0,EA
R0046,P0071,아이스컵 (24oz),1.0,EA
R0046,P0072,아이스컵 뚜껑 (24oz),1.0,EA
R0046,P0073,컵홀더 (24oz),1.0,EA
R0046,P0074,일반 빨대,1.0,EA
R0047,P0068,종이컵 (HOT),1.0,EA
R0047,P0069,핫컵 뚜껑 (HOT),1.0,EA
R0047,P0070,컵홀더 (HOT),1.0,EA
R0048,P0071,아이스컵 (24oz),1.0,EA
R0048,P0072,아이스컵 뚜껑 (24oz),1.0,EA
R0048,P0073,컵홀더 (24oz),1.0,EA
R0048,P0074,일반 빨대,1.0,EA
R0049,P0071,아이스컵 (24oz),1.0,EA
R0049,P0072,아이스컵 뚜껑 (24oz),1.0,EA
R0049,P0073,컵홀더 (24oz),1.0,EA
R0049,P0074,일반 빨대,1.0,EA
R0050,P0071,아이스컵 (24oz),1.0,EA
R0050,P0072,아이스컵 뚜껑 (24oz),1.0,EA
R0050,P0073,컵홀더 (24oz),1.0,EA
R0050,P0074,일반 빨대,1.0,EA
R0051,P0071,아이스컵 (24oz),1.0,EA
R0051,P0072,아이스컵 뚜껑 (24oz),1.0,EA
R0051,P0073,컵홀더 (24oz),1.0,EA
R0051,P0074,일반 빨대,1.0,EA
R0052,P0071,아이스컵 (24oz),1.0,EA
R0052,P0072,아이스컵 뚜껑 (24oz),1.0,EA
R0052,P0073,컵홀더 (24oz),1.0,EA
R0052,P0074,일반 빨대,1.0,EA
R0053,P0071,아이스컵 (24oz),1.0,EA
R0053,P0072,아이스컵 뚜껑 (24oz),1.0,EA
R0053,P0073,컵홀더 (24oz),1.0,EA
R0053,P0074,일반 빨대,1.0,EA
R0054,P0071,아이스컵 (24oz),1.0,EA
R0054,P0072,아이스컵 뚜껑 (24oz),1.0,EA
R0054,P0073,컵홀더 (24oz),1.0,EA
R0054,P0074,일반 빨대,1.0,EA
R0055,P0071,아이스컵 (24oz),1.0,EA
R0055,P0072,아이스컵 뚜껑 (24oz),1.0,EA
R0055,P0073,컵홀더 (24oz),1.0,EA
R0055,P0074,일반 빨대,1.0,EA
R0056,P0071,아이스컵 (24oz),1.0,EA
R0056,P0072,아이스컵 뚜껑 (24oz),1.0,EA
R0056,P0073,컵홀더 (24oz),1.0,EA
R0056,P0074,일반 빨대,1.0,EA
R0057,P0071,아이스컵 (24oz),1.0,EA
R0057,P0072,아이스컵 뚜껑 (24oz),1.0,EA
R0057,P0073,컵홀더 (24oz),1.0,EA
R0057,P0074,일반 빨대,1.0,EA
R0058,P0071,아이스컵 (24oz),1.0,EA
R0058,P0072,아이스컵 뚜껑 (24oz),1.0,EA
R0058,P0073,컵홀더 (24oz),1.0,EA
R0058,P0074,일반 빨대,1.0,EA
R0059,P0071,아이스컵 (24oz),1.0,EA
R0059,P0072,아이스컵 뚜껑 (24oz),1.0,EA
R0059,P0073,컵홀더 (24oz),1.0,EA
R0059,P0074,일반 빨대,1.0,EA
R0060,P0071,아이스컵 (24oz),1.0,EA
R0060,P0072,아이스컵 뚜껑 (24oz),1.0,EA
R0060,P0073,컵홀더 (24oz),1.0,EA
R0060,P0074,일반 빨대,1.0,EA
R0061,P0071,아이스컵 (24oz),1.0,EA
R0061,P0072,아이스컵 뚜껑 (24oz),1.0,EA
R0061,P0073,컵홀더 (24oz),1.0,EA
R0061,P0074,일반 빨대,1.0,EA
R0062,P0071,아이스컵 (24oz),1.0,EA
R0062,P0072,아이스컵 뚜껑 (24oz),1.0,EA
R0062,P0073,컵홀더 (24oz),1.0,EA
R0062,P0074,일반 빨대,1.0,EA
R0063,P0071,아이스컵 (24oz),1.0,EA
R0063,P0072,아이스컵 뚜껑 (24oz),1.0,EA
R0063,P0073,컵홀더 (24oz),1.0,EA
R0063,P0074,일반 빨대,1.0,EA
R0064,P0071,아이스컵 (24oz),1.0,EA
R0064,P0072,아이스컵 뚜껑 (24oz),1.0,EA
R0064,P0073,컵홀더 (24oz),1.0,EA
R0064,P0074,일반 빨대,1.0,EA
R0065,P0075,아이스컵 (32oz),1.0,EA
R0065,P0076,아이스컵 뚜껑 (32oz),1.0,EA
R0065,P0077,컵홀더 (32oz),1.0,EA
R0065,P0074,일반 빨대,1.0,EA
R0066,P0075,아이스컵 (32oz),1.0,EA
R0066,P0076,아이스컵 뚜껑 (32oz),1.0,EA
R0066,P0077,컵홀더 (32oz),1.0,EA
R0066,P0074,일반 빨대,1.0,EA
R0067,P0075,아이스컵 (32oz),1.0,EA
R0067,P0076,아이스컵 뚜껑 (32oz),1.0,EA
R0067,P0077,컵홀더 (32oz),1.0,EA
R0067,P0074,일반 빨대,1.0,EA
R0068,P0075,아이스컵 (32oz),1.0,EA
R0068,P0076,아이스컵 뚜껑 (32oz),1.0,EA
R0068,P0077,컵홀더 (32oz),1.0,EA
R0068,P0074,일반 빨대,1.0,EA
R0069,P0075,아이스컵 (32oz),1.0,EA
R0069,P0076,아이스컵 뚜껑 (32oz),1.0,EA
R0069,P0077,컵홀더 (32oz),1.0,EA
R0069,P0074,일반 빨대,1.0,EA
R0070,P0075,아이스컵 (32oz),1.0,EA
R0070,P0076,아이스컵 뚜껑 (32oz),1.0,EA
R0070,P0077,컵홀더 (32oz),1.0,EA
R0070,P0074,일반 빨대,1.0,EA
R0071,P0075,아이스컵 (32oz),1.0,EA
R0071,P0076,아이스컵 뚜껑 (32oz),1.0,EA
R0071,P0077,컵홀더 (32oz),1.0,EA
R0071,P0074,일반 빨대,1.0,EA
R0072,P0075,아이스컵 (32oz),1.0,EA
R0072,P0076,아이스컵 뚜껑 (32oz),1.0,EA
R0072,P0077,컵홀더 (32oz),1.0,EA
R0072,P0074,일반 빨대,1.0,EA
R0073,P0075,아이스컵 (32oz),1.0,EA
R0073,P0076,아이스컵 뚜껑 (32oz),1.0,EA
R0073,P0077,컵홀더 (32oz),1.0,EA
R0073,P0074,일반 빨대,1.0,EA
R0074,P0075,아이스컵 (32oz),1.0,EA
R0074,P0076,아이스컵 뚜껑 (32oz),1.0,EA
R0074,P0077,컵홀더 (32oz),1.0,EA
R0074,P0074,일반 빨대,1.0,EA
R0075,P0100,서울우유 바리스타밀크 1L,200.0,ml
R0075,P0099,생크림,50.0,ml
R0075,P0012,녹차파우더,34.0,g
R0076,P0100,서울우유 바리스타밀크 1L,150.0,ml
R0076,P0125,베버시티 망고베이스,90.0,g
R0076,P0019,시럽,30.0,g
R0076,P0099,생크림,50.0,ml
R0076,P0012,녹차파우더,34.0,g
R0076,P0004,냉동망고,20.0,g
R0077,P0102,샤인머스캣 콤부차파우더,26.0,g
R0078,P0105,두유,150.0,ml
R0078,P0103,초코 프로틴 파우더,39.0,g
R0079,P0105,두유,150.0,ml
R0079,P0104,바나나 프로틴 파우더,39.0,g
R0080,P0099,생크림,75.0,ml
R0080,P0016,바닐라파우더,30.0,g
R0080,P0019,시럽,10.0,g
R0080,P0036,콜드브루커피원액,25.0,ml
R0081,P0099,생크림,75.0,ml
R0081,P0016,바닐라파우더,30.0,g
R0081,P0019,시럽,10.0,g
R0081,P0053,디카페인커피원액,40.0,ml
R0082,P0099,생크림,75.0,ml
R0082,P0066,카라멜소스,25.0,g
R0082,P0019,시럽,10.0,g
R0082,P0036,콜드브루커피원액,25.0,ml
R0083,P0099,생크림,75.0,ml
R0083,P0066,카라멜소스,25.0,g
R0083,P0019,시럽,10.0,g
R0083,P0053,디카페인커피원액,40.0,ml
R0084,P0056,레몬베이스,20.0,g
R0084,P0030,자몽베이스,40.0,g
R0084,P0101,레드불,1.0,EA
R0084,P0128,냉동라임,10.0,g
R0085,P0101,레드불,1.0,EA
R0085,P0083,꿀,40.0,g
R0085,P0098,시그니처 블렌드 원두,18.5,g
R0086,P0084,망고주스,250.0,ml
R0086,P0004,냉동망고,100.0,g
R0086,P0019,시럽,30.0,g
R0087,P0113,제로 복숭아베이스,80.0,g
R0088,P0113,제로 복숭아베이스,80.0,g
R0088,P0098,시그니처 블렌드 원두,18.5,g
R0089,P0111,제로 레몬베이스,80.0,g
R0089,P0050,탄산수,1.0,EA
R0089,P0127,냉동 레몬슬라이스,10.0,g
R0090,P0112,제로 자몽베이스,80.0,g
R0090,P0050,탄산수,1.0,EA
R0090,P0127,냉동 레몬슬라이스,10.0,g
R0091,P0060,나타드코코,20.0,g
R0091,P0014,돌 파인애플 주스,275.0,ml
R0091,P0129,냉동 파인애플,100.0,g
R0091,P0019,시럽,10.0,g
R0092,P0005,냉동토마토,250.0,g
R0092,P0019,시럽,50.0,g
R0093,P0006,냉동 감귤,250.0,g
R0093,P0019,시럽,30.0,g
R0094,P0026,냉동수박,250.0,ml
R0094,P0019,시럽,40.0,g
R0095,P0111,제로 레몬베이스,80.0,g
R0095,P0127,냉동 레몬슬라이스,10.0,g
R0096,P0111,제로 레몬베이스,80.0,g
R0096,P0127,냉동 레몬슬라이스,10.0,g
R0097,P0112,제로 자몽베이스,80.0,g
R0097,P0127,냉동 레몬슬라이스,10.0,g
R0098,P0112,제로 자몽베이스,80.0,g
R0098,P0127,냉동 레몬슬라이스,10.0,g
R0099,P0114,딸기 피치 루이보스티,1.0,EA
R0099,P0130,딸기베이스,50.0,g
R0099,P0131,딸기소스,10.0,g
R0099,P0019,시럽,10.0,g
R0099,P0127,냉동 레몬슬라이스,10.0,g
R0099,P0115,동결건조 딸기 다이스,1.0,g
R0100,P0098,시그니처 블렌드 원두,18.5,g
R0101,P0116,율무차파우더,60.0,g
R0101,P0100,서울우유 바리스타밀크 1L,250.0,ml
R0101,P0011,현미크런치,5.0,g
R0102,P0116,율무차파우더,60.0,g
R0102,P0100,서울우유 바리스타밀크 1L,250.0,ml
R0102,P0011,현미크런치,5.0,g
R0103,P0116,율무차파우더,60.0,g
R0103,P0117,아몬드브리즈,250.0,ml
R0103,P0011,현미크런치,5.0,g
R0104,P0116,율무차파우더,60.0,g
R0104,P0117,아몬드브리즈,250.0,ml
R0104,P0011,현미크런치,5.0,g
R0105,P0118,생강차베이스,80.0,g
R0105,P0127,냉동 레몬슬라이스,10.0,g
R0106,P0118,생강차베이스,80.0,g
R0106,P0127,냉동 레몬슬라이스,10.0,g
R0107,P0099,생크림,75.0,ml
R0107,P0019,시럽,30.0,g
R0107,P0098,시그니처 블렌드 원두,18.5,g
R0108,P0099,생크림,75.0,ml
R0108,P0019,시럽,30.0,g
R0108,P0100,서울우유 바리스타밀크 1L,200.0,ml
R0108,P0098,시그니처 블렌드 원두,18.5,g
R0109,P0099,생크림,75.0,ml
R0109,P0106,피스타치오 파우더,15.0,g
R0109,P0019,시럽,20.0,g
R0109,P0100,서울우유 바리스타밀크 1L,200.0,ml
R0109,P0098,시그니처 블렌드 원두,18.5,g
R0110,P0099,생크림,75.0,ml
R0110,P0106,피스타치오 파우더,15.0,g
R0110,P0019,시럽,20.0,g
R0110,P0100,서울우유 바리스타밀크 1L,225.0,ml
R0110,P0049,초코소스,60.0,g
R0111,P0100,서울우유 바리스타밀크 1L,250.0,ml
R0111,P0079,리얼베이스 우베,60.0,g
R0112,P0100,서울우유 바리스타밀크 1L,250.0,ml
R0112,P0079,리얼베이스 우베,60.0,g
R0112,P0132,아이스크림,120.0,g
R0113,P0099,생크림,75.0,ml
R0113,P0019,시럽,20.0,g
R0113,P0100,서울우유 바리스타밀크 1L,200.0,ml
R0113,P0079,리얼베이스 우베,60.0,g
R0114,P0099,생크림,75.0,ml
R0114,P0063,원조커피 원액,30.0,g
R0114,P0100,서울우유 바리스타밀크 1L,200.0,ml
R0114,P0019,시럽,10.0,g
R0114,P0098,시그니처 블렌드 원두,18.5,g
R0115,P0099,생크림,75.0,ml
R0115,P0063,원조커피 원액,30.0,g
R0115,P0100,서울우유 바리스타밀크 1L,200.0,ml
R0115,P0041,빽다방 옛날미숫가루,40.0,g
R0115,P0019,시럽,30.0,g
R0116,P0100,서울우유 바리스타밀크 1L,200.0,ml
R0116,P0106,피스타치오 파우더,105.0,g
R0116,P0031,도블라 컬스 미니 다크 초콜릿,5.0,g
R0117,P0100,서울우유 바리스타밀크 1L,200.0,ml
R0117,P0116,율무차파우더,72.0,g
R0117,P0019,시럽,40.0,g
R0117,P0119,단팥,120.0,g
R0117,P0120,인절미떡,15.0,g
R0118,P0100,서울우유 바리스타밀크 1L,150.0,ml
R0118,P0119,단팥,150.0,g
R0118,P0019,시럽,30.0,g
R0118,P0120,인절미떡,15.0,g
R0118,P0085,서울우유 연유 500g,70.0,g
R0119,P0100,서울우유 바리스타밀크 1L,50.0,ml
R0119,P0085,서울우유 연유 500g,70.0,g
R0119,P0019,시럽,10.0,g
R0119,P0119,단팥,120.0,g
R0119,P0041,빽다방 옛날미숫가루,8.0,g
R0119,P0120,인절미떡,30.0,g
R0120,P0100,서울우유 바리스타밀크 1L,50.0,ml
R0120,P0125,베버시티 망고베이스,40.0,g
R0120,P0019,시럽,10.0,g
R0120,P0004,냉동 망고 1kg(솜),100.0,g
R0120,P0060,나타드코코,20.0,g
R0120,P0096,크래프트 큐브 치즈케익,16.0,g
R0120,P0085,서울우유 연유 500g,70.0,g
R0121,P0100,서울우유 바리스타밀크 1L,50.0,ml
R0121,P0121,블루베리 굿플잼,40.0,g
R0121,P0019,시럽,10.0,g
R0121,P0007,빽쿡 냉동블루베리,60.0,g
R0121,P0060,나타드코코,20.0,g
R0121,P0096,크래프트 큐브 치즈케익,16.0,g
R0121,P0085,서울우유 연유 500g,70.0,g
R0122,P0100,서울우유 바리스타밀크 1L,50.0,ml
R0122,P0049,초코소스,20.0,g
R0122,P0085,서울우유 연유 500g,70.0,g
R0122,P0019,시럽,10.0,g
R0122,P0122,초코볼,12.0,g
R0122,P0094,초코쉘,5.0,g
R0122,P0011,당코팅 현미크런치,10.0,g
R0122,P0033,초코브라우니,11.0,g
R0122,P0031,도블라 컬스 미니 다크 초콜릿,5.0,g
R0122,P0096,크래프트 큐브 치즈케익,16.0,g
R0123,P0100,서울우유 바리스타밀크 1L,200.0,ml
R0123,P0042,빽다방 밀크파우더,16.0,g
R0123,P0131,딸기소스,30.0,g
R0123,P0130,딸기베이스,80.0,g
R0123,P0048,휘핑크림,20.0,g
R0123,P0115,동결건조 딸기 다이스,1.0,g
R0123,P0124,발바닥 사인판,1.0,EA
R0124,P0100,서울우유 바리스타밀크 1L,200.0,ml
R0124,P0042,빽다방 밀크파우더,16.0,g
R0124,P0019,시럽,10.0,g
R0124,P0049,초코소스,40.0,g
R0124,P0123,코코볼,18.0,g
R0124,P0048,휘핑크림,20.0,g
R0124,P0123,초코볼 토핑용,1.5,g
R0124,P0124,발바닥 사인판,1.0,EA
R0125,P0109,자두샤베트파우더,68.0,g
R0126,P0110,애플샤베트파우더,68.0,g
R0127,P0100,서울우유 바리스타밀크 1L,200.0,ml
R0127,P0107,코코넛파우더,60.0,g
R0127,P0098,시그니처 블렌드 원두,18.5,g
R0127,P0108,코코넛칩,5.0,g
R0128,P0107,코코넛파우더,36.0,g
R0128,P0098,시그니처 블렌드 원두,18.5,g
R0128,P0100,서울우유 바리스타밀크 1L,250.0,ml
R0128,P0108,코코넛칩,5.0,g
R0129,P0107,코코넛파우더,36.0,g
R0129,P0098,시그니처 블렌드 원두,18.5,g
R0129,P0100,서울우유 바리스타밀크 1L,250.0,ml
R0129,P0108,코코넛칩,5.0,g
R0130,P0126,민트초코파우더,75.0,g
R0130,P0100,서울우유 바리스타밀크 1L,250.0,ml
R0131,P0126,민트초코파우더,75.0,g
R0131,P0100,서울우유 바리스타밀크 1L,250.0,ml
R0132,P0100,서울우유 바리스타밀크 1L,200.0,ml
R0132,P0126,민트초코파우더,105.0,g
R0133,P0029,사라다샐러드(감자:중국산),130.0,g
R0133,P0034,핫도그빵,1.0,EA
R0134,P0028,소세지빵용샐러드,55.0,g
R0134,P0097,서울우유 펠렛치즈B 1kg,20.0,g
R0134,P0089,보스턴핫(소시지),1.0,EA
R0134,P0034,핫도그빵,1.0,EA
R0135,P0035,빽그램 핫도그,1.0,EA
R0136,P0133,고메버터 소금빵,1.0,EA
R0137,P0134,크룽지,1.0,EA
R0138,P0135,긴페스츄리와플,1.0,EA
R0139,P0136,쫀득 감자빵,1.0,EA
R0140,P0137,쫀득 고구마빵,1.0,EA
R0141,P0138,크리미슈,1.0,EA
R0142,P0139,커스터드홀릭 바움쿠헨,1.0,EA
R0143,P0140,초코홀릭 바움쿠헨,1.0,EA
R0144,P0141,치즈홀릭 바움쿠헨,1.0,EA
R0145,P0142,마카롱(순우유),1.0,EA
R0146,P0143,마카롱(초코크런치),1.0,EA
R0147,P0043,크리미단팥빵,1.0,EA
R0148,P0017,빽다방 요거트파우더,55.5,g
R0148,P0100,서울우유 바리스타밀크 1L,166.67,ml
R0149,P0017,빽다방 요거트파우더,55.5,g
R0149,P0100,서울우유 바리스타밀크 1L,166.67,ml
R0150,P0017,빽다방 요거트파우더,55.5,g
R0150,P0100,서울우유 바리스타밀크 1L,166.67,ml
R0151,P0017,빽다방 요거트파우더,55.5,g
R0151,P0100,서울우유 바리스타밀크 1L,166.67,ml
R0152,P0017,빽다방 요거트파우더,55.5,g
R0152,P0100,서울우유 바리스타밀크 1L,166.67,ml
R0153,P0017,빽다방 요거트파우더,55.5,g
R0153,P0100,서울우유 바리스타밀크 1L,166.67,ml
R0154,P0017,빽다방 요거트파우더,55.5,g
R0154,P0100,서울우유 바리스타밀크 1L,166.67,ml
R0155,P0017,빽다방 요거트파우더,55.5,g
R0155,P0100,서울우유 바리스타밀크 1L,166.67,ml
R0156,P0017,빽다방 요거트파우더,55.5,g
R0156,P0100,서울우유 바리스타밀크 1L,166.67,ml
R0157,P0017,빽다방 요거트파우더,55.5,g
R0157,P0100,서울우유 바리스타밀크 1L,166.67,ml
R0158,P0017,빽다방 요거트파우더,55.5,g
R0158,P0100,서울우유 바리스타밀크 1L,166.67,ml
R0159,P0017,빽다방 요거트파우더,55.5,g
R0159,P0100,서울우유 바리스타밀크 1L,166.67,ml
R0160,P0017,빽다방 요거트파우더,55.5,g
R0160,P0100,서울우유 바리스타밀크 1L,166.67,ml
R0161,P0017,빽다방 요거트파우더,55.5,g
R0161,P0100,서울우유 바리스타밀크 1L,166.67,ml
R0162,P0017,빽다방 요거트파우더,55.5,g
R0162,P0100,서울우유 바리스타밀크 1L,166.67,ml
R0163,P0017,빽다방 요거트파우더,55.5,g
R0163,P0100,서울우유 바리스타밀크 1L,166.67,ml
R0164,P0017,빽다방 요거트파우더,55.5,g
R0164,P0100,서울우유 바리스타밀크 1L,166.67,ml
R0165,P0017,빽다방 요거트파우더,55.5,g
R0165,P0100,서울우유 바리스타밀크 1L,166.67,ml
R0166,P0024,빽다방 콜드브루 디카페인 커피원액,40.0,ml
R0167,P0024,빽다방 콜드브루 디카페인 커피원액,40.0,ml
R0168,P0024,빽다방 콜드브루 디카페인 커피원액,40.0,ml
R0168,P0100,서울우유 바리스타밀크 1L,200.0,ml
R0169,P0024,빽다방 콜드브루 디카페인 커피원액,40.0,ml
R0169,P0100,서울우유 바리스타밀크 1L,200.0,ml
R0170,P0024,빽다방 콜드브루 디카페인 커피원액,40.0,ml
R0170,P0100,서울우유 바리스타밀크 1L,150.0,ml
R0170,P0085,서울우유 연유 500g,70.0,g
R0171,P0036,빽다방 콜드브루 오리지널 커피원액,25.0,ml
R0172,P0036,빽다방 콜드브루 오리지널 커피원액,25.0,ml
R0172,P0100,서울우유 바리스타밀크 1L,200.0,ml
R0173,P0036,빽다방 콜드브루 오리지널 커피원액,25.0,ml
R0173,P0100,서울우유 바리스타밀크 1L,200.0,ml
R0173,P0062,흑당시럽,30.0,g
R0174,P0059,쌍화차파우더,45.0,g
R0175,P0059,쌍화차파우더,60.0,g
